Workbook

Sheet Sheet1
A1: Date | B1: SPI | C1: SPEI | D1: Run-OFF | E1: Precipitation | F1: Mean Temperature | G1: Potential Evotranspiration | H1: Actual Evotranspiration
A2: 18994 | B2: 1.1912857 | C2: 1.3241428 | D2: 29.079582 | E2: 106.40943 | F2: 6.2683712 | G2: 9.051861 | H2: 9.051861
A3: 19025 | B3: 0.49814286 | C3: 0.66085713 | D3: 15.299423 | E3: 58.405548 | F3: 6.4014047 | G3: 9.4460105 | H3: 9.4460105
A4: 19054 | B4: -1.373 | C4: -1.075 | D4: 2.2766479 | E4: 13.67187 | F4: 9.7870824 | G4: 23.309712 | H4: 23.309712
A5: 19085 | B5: -0.816 | C5: -1.2597143 | D5: 4.336776 | E5: 25.506944 | F5: 15.300043 | G5: 52.136984 | H5: 52.001133
A6: 19115 | B6: -0.511 | C6: -0.44657143 | D6: 4.0878622 | E6: 24.272139 | F6: 18.001327 | G6: 76.262205 | H6: 50.53453
A7: 19146 | B7: -1.8718571 | C7: -1.8348571 | D7: 0.38006683 | E7: 2.2423635 | F7: 23.223894 | G7: 116.13479 | H7: 12.309161
A8: 19176 | B8: -0.73514285 | C8: -1.3391429 | D8: 2.4225994 | E8: 14.391115 | F8: 26.11291 | G8: 141.61371 | H8: 12.731889
A9: 19207 | B9: -0.85900001 | C9: -1.2977143 | D9: 1.7673946 | E9: 10.898511 | F9: 26.382193 | G9: 133.58958 | H9: 9.172923
A10: 19238 | B10: 0.32100001 | C10: 0.15 | D10: 10.65312 | E10: 64.524667 | F10: 21.83872 | G10: 85.62793 | H10: 53.872982
A11: 19268 | B11: -1.1084285 | C11: -1.226 | D11: 3.0882957 | E11: 18.529664 | F11: 16.930098 | G11: 51.929854 | H11: 15.442141
A12: 19299 | B12: -0.39442857 | C12: -0.263 | D12: 8.4359728 | E12: 50.451775 | F12: 10.067797 | G12: 19.291447 | H12: 19.291447
A13: 19329 | B13: 0.75 | C13: 0.77985714 | D13: 17.722948 | E13: 100.85854 | F13: 8.2235097 | G13: 13.370723 | H13: 13.370723
... A853: 44896 | B853: -0.51771429 | C853: -0.89128572 | D853: 16.922386 | E853: 40.881386 | F853: 10.597714 | G853: 14.172347 | H853: 14.172347

Sheet 3 months
A1: Date | B1: SPI | C1: SPEI | D1: Run-OFF | E1: Precipitation | F1: Mean Temperature | G1: Potential Evotranspiration | H1: Actual Evotranspiration
A2: 18994 | B2: 0.451 | C2: 0.36842857 | D2: 29.079582 | E2: 106.40943 | F2: 6.2683712 | G2: 9.051861 | H2: 9.051861 | I2: =MONTH(A2) -> 1
A3: 19025 | B3: 0.38314286 | C3: 0.39228571 | D3: 15.299423 | E3: 58.405548 | F3: 6.4014047 | G3: 9.4460105 | H3: 9.4460105 | I3: =MONTH(A3) -> 2
A4: 19054 | B4: 0.39642857 | C4: 0.487 | D4: 2.2766479 | E4: 13.67187 | F4: 9.7870824 | G4: 23.309712 | H4: 23.309712 | I4: =MONTH(A4) -> 3
A5: 19085 | B5: -1.0071428 | C5: -1.0347143 | D5: 4.336776 | E5: 25.506944 | F5: 15.300043 | G5: 52.136984 | H5: 52.001133 | I5: =MONTH(A5) -> 4
A6: 19115 | B6: -1.7681429 | C6: -1.6 | D6: 4.0878622 | E6: 24.272139 | F6: 18.001327 | G6: 76.262205 | H6: 50.53453 | I6: =MONTH(A6) -> 5
A7: 19146 | B7: -1.8551429 | C7: -1.8231429 | D7: 0.38006683 | E7: 2.2423635 | F7: 23.223894 | G7: 116.13479 | H7: 12.309161 | I7: =MONTH(A7) -> 6
A8: 19176 | B8: -2.0368571 | C8: -1.8302857 | D8: 2.4225994 | E8: 14.391115 | F8: 26.11291 | G8: 141.61371 | H8: 12.731889 | I8: =MONTH(A8) -> 7
A9: 19207 | B9: -2.1507143 | C9: -2.0364286 | D9: 1.7673946 | E9: 10.898511 | F9: 26.382193 | G9: 133.58958 | H9: 9.172923 | I9: =MONTH(A9) -> 8
A10: 19238 | B10: -0.56014287 | C10: -1.1415714 | D10: 10.65312 | E10: 64.524667 | F10: 21.83872 | G10: 85.62793 | H10: 53.872982 | I10: =MONTH(A10) -> 9
A11: 19268 | B11: -1.1481428 | C11: -1.4335714 | D11: 3.0882957 | E11: 18.529664 | F11: 16.930098 | G11: 51.929854 | H11: 15.442141 | I11: =MONTH(A11) -> 10
A12: 19299 | B12: -0.98028572 | C12: -1.0568571 | D12: 8.4359728 | E12: 50.451775 | F12: 10.067797 | G12: 19.291447 | H12: 19.291447 | I12: =MONTH(A12) -> 11
A13: 19329 | B13: -0.45842857 | C13: -0.55957144 | D13: 17.722948 | E13: 100.85854 | F13: 8.2235097 | G13: 13.370723 | H13: 13.370723 | I13: =MONTH(A13) -> 12
... A853: 44896 | B853: -1.4908572 | C853: -1.7952857 | D853: 16.922386 | E853: 80 | F853: 10.597714 | G853: 14.172347 | H853: 14.172347 | I853: =MONTH(A853) -> 12

Sheet Foglio1
C3: =AVERAGE('3 months'!E:E) -> 54.21897 | D3: =AVERAGE('3 months'!F:F) -> 15.371568
C4: =_xlfn.STDEV.S('3 months'!E:E) -> 40.593145 | D4: =_xlfn.STDEV.S('3 months'!F:F) -> 6.5025322
C5: =MAX('3 months'!E:E) -> 273.92452 | D5: =MAX('3 months'!F:F) -> 28.525428
C6: =C3+3*C4 -> 175.9984 | D6: =D3+3*D4 -> 34.879165
